scenario_id,t,agent,event_type,target_field,before,after,rationale
1,60,UAVTelemetryDeceptionAgent,VIDEO_REPLAY,video_risk_score,0.6156,0.1617,Replay pre-hazard safe video risk into C2 decision window
1,60,UAVTelemetryDeceptionAgent,TIMESTAMP_LAG,video_timestamp,59.351,44.000,Make stale aerial imagery appear as delayed battlefield telemetry
1,60,UAVTelemetryDeceptionAgent,GNSS_BIAS,reported_uav_lat/lon,"37.1059536,127.1020245","37.1061264,127.1021541",Bias reported UAV position toward planned Route A observation corridor
1,60,UAVTelemetryDeceptionAgent,IMU_SUPPRESSION,imu_motion,0.3111,0.2644,Reduce motion signal to create cross-sensor ambiguity rather than obvious takeover
1,61,UAVTelemetryDeceptionAgent,VIDEO_REPLAY,video_risk_score,0.7073,0.2163,Replay pre-hazard safe video risk into C2 decision window
1,61,UAVTelemetryDeceptionAgent,TIMESTAMP_LAG,video_timestamp,60.363,45.000,Make stale aerial imagery appear as delayed battlefield telemetry
1,61,UAVTelemetryDeceptionAgent,GNSS_BIAS,reported_uav_lat/lon,"37.1060514,127.1021393","37.1062242,127.1022689",Bias reported UAV position toward planned Route A observation corridor
1,61,UAVTelemetryDeceptionAgent,IMU_SUPPRESSION,imu_motion,0.3315,0.2818,Reduce motion signal to create cross-sensor ambiguity rather than obvious takeover
1,62,UAVTelemetryDeceptionAgent,VIDEO_REPLAY,video_risk_score,0.7668,0.1343,Replay pre-hazard safe video risk into C2 decision window
1,62,UAVTelemetryDeceptionAgent,TIMESTAMP_LAG,video_timestamp,61.283,46.000,Make stale aerial imagery appear as delayed battlefield telemetry
1,62,UAVTelemetryDeceptionAgent,GNSS_BIAS,reported_uav_lat/lon,"37.1062122,127.1022170","37.1063850,127.1023466",Bias reported UAV position toward planned Route A observation corridor
1,62,UAVTelemetryDeceptionAgent,IMU_SUPPRESSION,imu_motion,0.2897,0.2462,Reduce motion signal to create cross-sensor ambiguity rather than obvious takeover
1,63,UAVTelemetryDeceptionAgent,VIDEO_REPLAY,video_risk_score,0.7902,0.1189,Replay pre-hazard safe video risk into C2 decision window
1,63,UAVTelemetryDeceptionAgent,TIMESTAMP_LAG,video_timestamp,62.128,47.000,Make stale aerial imagery appear as delayed battlefield telemetry
1,63,UAVTelemetryDeceptionAgent,GNSS_BIAS,reported_uav_lat/lon,"37.1063215,127.1023302","37.1064943,127.1024598",Bias reported UAV position toward planned Route A observation corridor
1,63,UAVTelemetryDeceptionAgent,IMU_SUPPRESSION,imu_motion,0.3078,0.2616,Reduce motion signal to create cross-sensor ambiguity rather than obvious takeover
1,64,UAVTelemetryDeceptionAgent,VIDEO_REPLAY,video_risk_score,0.9192,0.2314,Replay pre-hazard safe video risk into C2 decision window
1,64,UAVTelemetryDeceptionAgent,TIMESTAMP_LAG,video_timestamp,63.395,48.000,Make stale aerial imagery appear as delayed battlefield telemetry
1,64,UAVTelemetryDeceptionAgent,GNSS_BIAS,reported_uav_lat/lon,"37.1064468,127.1024359","37.1066196,127.1025655",Bias reported UAV position toward planned Route A observation corridor
1,64,UAVTelemetryDeceptionAgent,IMU_SUPPRESSION,imu_motion,0.3157,0.2683,Reduce motion signal to create cross-sensor ambiguity rather than obvious takeover
1,65,UAVTelemetryDeceptionAgent,VIDEO_REPLAY,video_risk_score,0.9900,0.2207,Replay pre-hazard safe video risk into C2 decision window
1,65,UAVTelemetryDeceptionAgent,TIMESTAMP_LAG,video_timestamp,64.637,49.000,Make stale aerial imagery appear as delayed battlefield telemetry
1,65,UAVTelemetryDeceptionAgent,GNSS_BIAS,reported_uav_lat/lon,"37.1065771,127.1025110","37.1067499,127.1026406",Bias reported UAV position toward planned Route A observation corridor
1,65,UAVTelemetryDeceptionAgent,IMU_SUPPRESSION,imu_motion,0.3056,0.2598,Reduce motion signal to create cross-sensor ambiguity rather than obvious takeover
1,66,UAVTelemetryDeceptionAgent,VIDEO_REPLAY,video_risk_score,0.9900,0.2112,Replay pre-hazard safe video risk into C2 decision window
1,66,UAVTelemetryDeceptionAgent,TIMESTAMP_LAG,video_timestamp,65.221,50.000,Make stale aerial imagery appear as delayed battlefield telemetry
1,66,UAVTelemetryDeceptionAgent,GNSS_BIAS,reported_uav_lat/lon,"37.1067170,127.1026021","37.1068898,127.1027317",Bias reported UAV position toward planned Route A observation corridor
1,66,UAVTelemetryDeceptionAgent,IMU_SUPPRESSION,imu_motion,0.3273,0.2782,Reduce motion signal to create cross-sensor ambiguity rather than obvious takeover
1,67,UAVTelemetryDeceptionAgent,VIDEO_REPLAY,video_risk_score,0.9900,0.1787,Replay pre-hazard safe video risk into C2 decision window
1,67,UAVTelemetryDeceptionAgent,TIMESTAMP_LAG,video_timestamp,66.183,51.000,Make stale aerial imagery appear as delayed battlefield telemetry
1,67,UAVTelemetryDeceptionAgent,GNSS_BIAS,reported_uav_lat/lon,"37.1068064,127.1027192","37.1069792,127.1028488",Bias reported UAV position toward planned Route A observation corridor
1,67,UAVTelemetryDeceptionAgent,IMU_SUPPRESSION,imu_motion,0.3430,0.2916,Reduce motion signal to create cross-sensor ambiguity rather than obvious takeover
1,68,UAVTelemetryDeceptionAgent,VIDEO_REPLAY,video_risk_score,0.9729,0.1525,Replay pre-hazard safe video risk into C2 decision window
1,68,UAVTelemetryDeceptionAgent,TIMESTAMP_LAG,video_timestamp,67.313,52.000,Make stale aerial imagery appear as delayed battlefield telemetry
1,68,UAVTelemetryDeceptionAgent,GNSS_BIAS,reported_uav_lat/lon,"37.1069294,127.1028167","37.1071022,127.1029463",Bias reported UAV position toward planned Route A observation corridor
1,68,UAVTelemetryDeceptionAgent,IMU_SUPPRESSION,imu_motion,0.3167,0.2692,Reduce motion signal to create cross-sensor ambiguity rather than obvious takeover
1,69,UAVTelemetryDeceptionAgent,VIDEO_REPLAY,video_risk_score,0.9900,0.1638,Replay pre-hazard safe video risk into C2 decision window
1,69,UAVTelemetryDeceptionAgent,TIMESTAMP_LAG,video_timestamp,68.354,53.000,Make stale aerial imagery appear as delayed battlefield telemetry
1,69,UAVTelemetryDeceptionAgent,GNSS_BIAS,reported_uav_lat/lon,"37.1070378,127.1029083","37.1072106,127.1030379",Bias reported UAV position toward planned Route A observation corridor
1,69,UAVTelemetryDeceptionAgent,IMU_SUPPRESSION,imu_motion,0.3245,0.2758,Reduce motion signal to create cross-sensor ambiguity rather than obvious takeover
1,70,UAVTelemetryDeceptionAgent,VIDEO_REPLAY,video_risk_score,0.9900,0.1742,Replay pre-hazard safe video risk into C2 decision window
1,70,UAVTelemetryDeceptionAgent,TIMESTAMP_LAG,video_timestamp,69.226,54.000,Make stale aerial imagery appear as delayed battlefield telemetry
1,70,UAVTelemetryDeceptionAgent,GNSS_BIAS,reported_uav_lat/lon,"37.1071724,127.1029839","37.1073452,127.1031135",Bias reported UAV position toward planned Route A observation corridor
1,70,UAVTelemetryDeceptionAgent,IMU_SUPPRESSION,imu_motion,0.3371,0.2865,Reduce motion signal to create cross-sensor ambiguity rather than obvious takeover
1,71,UAVTelemetryDeceptionAgent,VIDEO_REPLAY,video_risk_score,0.9900,0.2042,Replay pre-hazard safe video risk into C2 decision window
1,71,UAVTelemetryDeceptionAgent,TIMESTAMP_LAG,video_timestamp,70.156,55.000,Make stale aerial imagery appear as delayed battlefield telemetry
1,71,UAVTelemetryDeceptionAgent,GNSS_BIAS,reported_uav_lat/lon,"37.1072790,127.1031217","37.1074518,127.1032513",Bias reported UAV position toward planned Route A observation corridor
1,71,UAVTelemetryDeceptionAgent,IMU_SUPPRESSION,imu_motion,0.3129,0.2660,Reduce motion signal to create cross-sensor ambiguity rather than obvious takeover
1,72,UAVTelemetryDeceptionAgent,VIDEO_REPLAY,video_risk_score,0.9716,0.3100,Replay pre-hazard safe video risk into C2 decision window
1,72,UAVTelemetryDeceptionAgent,TIMESTAMP_LAG,video_timestamp,71.086,56.000,Make stale aerial imagery appear as delayed battlefield telemetry
1,72,UAVTelemetryDeceptionAgent,GNSS_BIAS,reported_uav_lat/lon,"37.1074088,127.1032272","37.1075816,127.1033568",Bias reported UAV position toward planned Route A observation corridor
1,72,UAVTelemetryDeceptionAgent,IMU_SUPPRESSION,imu_motion,0.3343,0.2842,Reduce motion signal to create cross-sensor ambiguity rather than obvious takeover
1,73,UAVTelemetryDeceptionAgent,VIDEO_REPLAY,video_risk_score,0.9900,0.3568,Replay pre-hazard safe video risk into C2 decision window
1,73,UAVTelemetryDeceptionAgent,TIMESTAMP_LAG,video_timestamp,72.253,57.000,Make stale aerial imagery appear as delayed battlefield telemetry
1,73,UAVTelemetryDeceptionAgent,GNSS_BIAS,reported_uav_lat/lon,"37.1075329,127.1033376","37.1077057,127.1034672",Bias reported UAV position toward planned Route A observation corridor
1,73,UAVTelemetryDeceptionAgent,IMU_SUPPRESSION,imu_motion,0.3139,0.2668,Reduce motion signal to create cross-sensor ambiguity rather than obvious takeover
1,74,UAVTelemetryDeceptionAgent,VIDEO_REPLAY,video_risk_score,0.9900,0.4563,Replay pre-hazard safe video risk into C2 decision window
1,74,UAVTelemetryDeceptionAgent,TIMESTAMP_LAG,video_timestamp,73.454,58.000,Make stale aerial imagery appear as delayed battlefield telemetry
1,74,UAVTelemetryDeceptionAgent,GNSS_BIAS,reported_uav_lat/lon,"37.1076173,127.1033939","37.1077901,127.1035235",Bias reported UAV position toward planned Route A observation corridor
1,74,UAVTelemetryDeceptionAgent,IMU_SUPPRESSION,imu_motion,0.3127,0.2658,Reduce motion signal to create cross-sensor ambiguity rather than obvious takeover
1,75,UAVTelemetryDeceptionAgent,VIDEO_REPLAY,video_risk_score,0.9896,0.5200,Replay pre-hazard safe video risk into C2 decision window
1,75,UAVTelemetryDeceptionAgent,TIMESTAMP_LAG,video_timestamp,74.239,59.000,Make stale aerial imagery appear as delayed battlefield telemetry
1,75,UAVTelemetryDeceptionAgent,GNSS_BIAS,reported_uav_lat/lon,"37.1077627,127.1035230","37.1079355,127.1036526",Bias reported UAV position toward planned Route A observation corridor
1,75,UAVTelemetryDeceptionAgent,IMU_SUPPRESSION,imu_motion,0.3145,0.2673,Reduce motion signal to create cross-sensor ambiguity rather than obvious takeover
1,76,UAVTelemetryDeceptionAgent,VIDEO_REPLAY,video_risk_score,0.9824,0.6156,Replay pre-hazard safe video risk into C2 decision window
1,76,UAVTelemetryDeceptionAgent,TIMESTAMP_LAG,video_timestamp,75.251,60.000,Make stale aerial imagery appear as delayed battlefield telemetry
1,76,UAVTelemetryDeceptionAgent,GNSS_BIAS,reported_uav_lat/lon,"37.1078922,127.1036277","37.1080650,127.1037573",Bias reported UAV position toward planned Route A observation corridor
1,76,UAVTelemetryDeceptionAgent,IMU_SUPPRESSION,imu_motion,0.3204,0.2723,Reduce motion signal to create cross-sensor ambiguity rather than obvious takeover
1,77,UAVTelemetryDeceptionAgent,VIDEO_REPLAY,video_risk_score,0.9859,0.7073,Replay pre-hazard safe video risk into C2 decision window
1,77,UAVTelemetryDeceptionAgent,TIMESTAMP_LAG,video_timestamp,76.480,61.000,Make stale aerial imagery appear as delayed battlefield telemetry
1,77,UAVTelemetryDeceptionAgent,GNSS_BIAS,reported_uav_lat/lon,"37.1080268,127.1036839","37.1081996,127.1038135",Bias reported UAV position toward planned Route A observation corridor
1,77,UAVTelemetryDeceptionAgent,IMU_SUPPRESSION,imu_motion,0.3621,0.3078,Reduce motion signal to create cross-sensor ambiguity rather than obvious takeover
1,78,UAVTelemetryDeceptionAgent,VIDEO_REPLAY,video_risk_score,0.9589,0.7668,Replay pre-hazard safe video risk into C2 decision window
1,78,UAVTelemetryDeceptionAgent,TIMESTAMP_LAG,video_timestamp,77.406,62.000,Make stale aerial imagery appear as delayed battlefield telemetry
1,78,UAVTelemetryDeceptionAgent,GNSS_BIAS,reported_uav_lat/lon,"37.1081330,127.1038443","37.1083058,127.1039739",Bias reported UAV position toward planned Route A observation corridor
1,78,UAVTelemetryDeceptionAgent,IMU_SUPPRESSION,imu_motion,0.2967,0.2522,Reduce motion signal to create cross-sensor ambiguity rather than obvious takeover
1,79,UAVTelemetryDeceptionAgent,VIDEO_REPLAY,video_risk_score,0.9851,0.7902,Replay pre-hazard safe video risk into C2 decision window
1,79,UAVTelemetryDeceptionAgent,TIMESTAMP_LAG,video_timestamp,78.404,63.000,Make stale aerial imagery appear as delayed battlefield telemetry
1,79,UAVTelemetryDeceptionAgent,GNSS_BIAS,reported_uav_lat/lon,"37.1082290,127.1039232","37.1084018,127.1040528",Bias reported UAV position toward planned Route A observation corridor
1,79,UAVTelemetryDeceptionAgent,IMU_SUPPRESSION,imu_motion,0.3154,0.2681,Reduce motion signal to create cross-sensor ambiguity rather than obvious takeover
1,80,UAVTelemetryDeceptionAgent,VIDEO_REPLAY,video_risk_score,0.9900,0.9192,Replay pre-hazard safe video risk into C2 decision window
1,80,UAVTelemetryDeceptionAgent,TIMESTAMP_LAG,video_timestamp,79.422,64.000,Make stale aerial imagery appear as delayed battlefield telemetry
1,80,UAVTelemetryDeceptionAgent,GNSS_BIAS,reported_uav_lat/lon,"37.1083587,127.1040082","37.1085315,127.1041378",Bias reported UAV position toward planned Route A observation corridor
1,80,UAVTelemetryDeceptionAgent,IMU_SUPPRESSION,imu_motion,0.3154,0.2681,Reduce motion signal to create cross-sensor ambiguity rather than obvious takeover
1,60,CommunicationDegradationAgent,RTT_INCREASE,rtt_ms,69.27,90.52,Introduce DDIL-like micro-delay rather than hard jamming
1,60,CommunicationDegradationAgent,HEARTBEAT_DELAY,heartbeat_interval_s,1.035,1.035,Make link appear degraded but still operational
1,60,CommunicationDegradationAgent,PACKET_LOSS_DRIFT,packet_loss,0.0248,0.0554,Drop small telemetry fraction to slow C2 freshness without obvious outage
1,61,CommunicationDegradationAgent,RTT_INCREASE,rtt_ms,59.68,82.18,Introduce DDIL-like micro-delay rather than hard jamming
1,61,CommunicationDegradationAgent,HEARTBEAT_DELAY,heartbeat_interval_s,0.921,0.921,Make link appear degraded but still operational
1,61,CommunicationDegradationAgent,PACKET_LOSS_DRIFT,packet_loss,0.0240,0.0564,Drop small telemetry fraction to slow C2 freshness without obvious outage
1,62,CommunicationDegradationAgent,RTT_INCREASE,rtt_ms,83.04,106.79,Introduce DDIL-like micro-delay rather than hard jamming
1,62,CommunicationDegradationAgent,HEARTBEAT_DELAY,heartbeat_interval_s,0.927,0.927,Make link appear degraded but still operational
1,62,CommunicationDegradationAgent,PACKET_LOSS_DRIFT,packet_loss,0.0257,0.0599,Drop small telemetry fraction to slow C2 freshness without obvious outage
1,63,CommunicationDegradationAgent,RTT_INCREASE,rtt_ms,68.71,93.71,Introduce DDIL-like micro-delay rather than hard jamming
1,63,CommunicationDegradationAgent,HEARTBEAT_DELAY,heartbeat_interval_s,0.958,0.958,Make link appear degraded but still operational
1,63,CommunicationDegradationAgent,PACKET_LOSS_DRIFT,packet_loss,0.0188,0.0548,Drop small telemetry fraction to slow C2 freshness without obvious outage
1,64,CommunicationDegradationAgent,RTT_INCREASE,rtt_ms,71.69,92.94,Introduce DDIL-like micro-delay rather than hard jamming
1,64,CommunicationDegradationAgent,HEARTBEAT_DELAY,heartbeat_interval_s,0.960,0.960,Make link appear degraded but still operational
1,64,CommunicationDegradationAgent,PACKET_LOSS_DRIFT,packet_loss,0.0260,0.0566,Drop small telemetry fraction to slow C2 freshness without obvious outage
1,65,CommunicationDegradationAgent,RTT_INCREASE,rtt_ms,66.90,89.40,Introduce DDIL-like micro-delay rather than hard jamming
1,65,CommunicationDegradationAgent,HEARTBEAT_DELAY,heartbeat_interval_s,1.091,1.091,Make link appear degraded but still operational
1,65,CommunicationDegradationAgent,PACKET_LOSS_DRIFT,packet_loss,0.0280,0.0604,Drop small telemetry fraction to slow C2 freshness without obvious outage
1,66,CommunicationDegradationAgent,RTT_INCREASE,rtt_ms,62.66,86.41,Introduce DDIL-like micro-delay rather than hard jamming
1,66,CommunicationDegradationAgent,HEARTBEAT_DELAY,heartbeat_interval_s,0.964,0.964,Make link appear degraded but still operational
1,66,CommunicationDegradationAgent,PACKET_LOSS_DRIFT,packet_loss,0.0250,0.0592,Drop small telemetry fraction to slow C2 freshness without obvious outage
1,67,CommunicationDegradationAgent,RTT_INCREASE,rtt_ms,66.58,91.58,Introduce DDIL-like micro-delay rather than hard jamming
1,67,CommunicationDegradationAgent,HEARTBEAT_DELAY,heartbeat_interval_s,0.972,0.972,Make link appear degraded but still operational
1,67,CommunicationDegradationAgent,PACKET_LOSS_DRIFT,packet_loss,0.0260,0.0620,Drop small telemetry fraction to slow C2 freshness without obvious outage
1,68,CommunicationDegradationAgent,RTT_INCREASE,rtt_ms,86.09,107.34,Introduce DDIL-like micro-delay rather than hard jamming
1,68,CommunicationDegradationAgent,HEARTBEAT_DELAY,heartbeat_interval_s,1.006,1.006,Make link appear degraded but still operational
1,68,CommunicationDegradationAgent,PACKET_LOSS_DRIFT,packet_loss,0.0176,0.0482,Drop small telemetry fraction to slow C2 freshness without obvious outage
1,69,CommunicationDegradationAgent,RTT_INCREASE,rtt_ms,66.59,89.09,Introduce DDIL-like micro-delay rather than hard jamming
1,69,CommunicationDegradationAgent,HEARTBEAT_DELAY,heartbeat_interval_s,0.893,0.893,Make link appear degraded but still operational
1,69,CommunicationDegradationAgent,PACKET_LOSS_DRIFT,packet_loss,0.0281,0.0605,Drop small telemetry fraction to slow C2 freshness without obvious outage
1,70,CommunicationDegradationAgent,RTT_INCREASE,rtt_ms,67.70,91.45,Introduce DDIL-like micro-delay rather than hard jamming
1,70,CommunicationDegradationAgent,HEARTBEAT_DELAY,heartbeat_interval_s,0.921,0.921,Make link appear degraded but still operational
1,70,CommunicationDegradationAgent,PACKET_LOSS_DRIFT,packet_loss,0.0173,0.0515,Drop small telemetry fraction to slow C2 freshness without obvious outage
1,71,CommunicationDegradationAgent,RTT_INCREASE,rtt_ms,58.61,83.61,Introduce DDIL-like micro-delay rather than hard jamming
1,71,CommunicationDegradationAgent,HEARTBEAT_DELAY,heartbeat_interval_s,0.954,0.954,Make link appear degraded but still operational
1,71,CommunicationDegradationAgent,PACKET_LOSS_DRIFT,packet_loss,0.0201,0.0561,Drop small telemetry fraction to slow C2 freshness without obvious outage
1,72,CommunicationDegradationAgent,RTT_INCREASE,rtt_ms,72.86,94.11,Introduce DDIL-like micro-delay rather than hard jamming
1,72,CommunicationDegradationAgent,HEARTBEAT_DELAY,heartbeat_interval_s,0.890,0.890,Make link appear degraded but still operational
1,72,CommunicationDegradationAgent,PACKET_LOSS_DRIFT,packet_loss,0.0215,0.0521,Drop small telemetry fraction to slow C2 freshness without obvious outage
1,73,CommunicationDegradationAgent,RTT_INCREASE,rtt_ms,66.69,89.19,Introduce DDIL-like micro-delay rather than hard jamming
1,73,CommunicationDegradationAgent,HEARTBEAT_DELAY,heartbeat_interval_s,1.092,1.092,Make link appear degraded but still operational
1,73,CommunicationDegradationAgent,PACKET_LOSS_DRIFT,packet_loss,0.0191,0.0515,Drop small telemetry fraction to slow C2 freshness without obvious outage
1,74,CommunicationDegradationAgent,RTT_INCREASE,rtt_ms,56.76,80.51,Introduce DDIL-like micro-delay rather than hard jamming
1,74,CommunicationDegradationAgent,HEARTBEAT_DELAY,heartbeat_interval_s,1.083,1.083,Make link appear degraded but still operational
1,74,CommunicationDegradationAgent,PACKET_LOSS_DRIFT,packet_loss,0.0212,0.0554,Drop small telemetry fraction to slow C2 freshness without obvious outage
1,75,CommunicationDegradationAgent,RTT_INCREASE,rtt_ms,65.10,90.10,Introduce DDIL-like micro-delay rather than hard jamming
1,75,CommunicationDegradationAgent,HEARTBEAT_DELAY,heartbeat_interval_s,1.108,1.108,Make link appear degraded but still operational
1,75,CommunicationDegradationAgent,PACKET_LOSS_DRIFT,packet_loss,0.0189,0.0549,Drop small telemetry fraction to slow C2 freshness without obvious outage
1,76,CommunicationDegradationAgent,RTT_INCREASE,rtt_ms,70.29,91.54,Introduce DDIL-like micro-delay rather than hard jamming
1,76,CommunicationDegradationAgent,HEARTBEAT_DELAY,heartbeat_interval_s,0.919,0.919,Make link appear degraded but still operational
1,76,CommunicationDegradationAgent,PACKET_LOSS_DRIFT,packet_loss,0.0248,0.0554,Drop small telemetry fraction to slow C2 freshness without obvious outage
1,77,CommunicationDegradationAgent,RTT_INCREASE,rtt_ms,61.01,83.51,Introduce DDIL-like micro-delay rather than hard jamming
1,77,CommunicationDegradationAgent,HEARTBEAT_DELAY,heartbeat_interval_s,1.168,1.168,Make link appear degraded but still operational
1,77,CommunicationDegradationAgent,PACKET_LOSS_DRIFT,packet_loss,0.0276,0.0600,Drop small telemetry fraction to slow C2 freshness without obvious outage
1,78,CommunicationDegradationAgent,RTT_INCREASE,rtt_ms,88.51,112.26,Introduce DDIL-like micro-delay rather than hard jamming
1,78,CommunicationDegradationAgent,HEARTBEAT_DELAY,heartbeat_interval_s,1.176,1.176,Make link appear degraded but still operational
1,78,CommunicationDegradationAgent,PACKET_LOSS_DRIFT,packet_loss,0.0219,0.0561,Drop small telemetry fraction to slow C2 freshness without obvious outage
1,79,CommunicationDegradationAgent,RTT_INCREASE,rtt_ms,83.23,108.23,Introduce DDIL-like micro-delay rather than hard jamming
1,79,CommunicationDegradationAgent,HEARTBEAT_DELAY,heartbeat_interval_s,1.014,1.014,Make link appear degraded but still operational
1,79,CommunicationDegradationAgent,PACKET_LOSS_DRIFT,packet_loss,0.0238,0.0598,Drop small telemetry fraction to slow C2 freshness without obvious outage
1,80,CommunicationDegradationAgent,RTT_INCREASE,rtt_ms,60.19,81.44,Introduce DDIL-like micro-delay rather than hard jamming
1,80,CommunicationDegradationAgent,HEARTBEAT_DELAY,heartbeat_interval_s,0.888,0.888,Make link appear degraded but still operational
1,80,CommunicationDegradationAgent,PACKET_LOSS_DRIFT,packet_loss,0.0170,0.0476,Drop small telemetry fraction to slow C2 freshness without obvious outage
1,60,LogTimelineDistortionAgent,GCS_LOG_DELAY,gcs_log_timestamp,60.327,60.827,Shift GCS logs so stale UAV data appears in a plausible sequence
1,60,LogTimelineDistortionAgent,C2_ARRIVAL_DELAY,c2_arrival_timestamp,60.663,60.938,Delay C2 reflection time to normalize video replay lag
1,61,LogTimelineDistortionAgent,GCS_LOG_DELAY,gcs_log_timestamp,61.429,62.029,Shift GCS logs so stale UAV data appears in a plausible sequence
1,61,LogTimelineDistortionAgent,C2_ARRIVAL_DELAY,c2_arrival_timestamp,61.389,62.039,Delay C2 reflection time to normalize video replay lag
1,62,LogTimelineDistortionAgent,GCS_LOG_DELAY,gcs_log_timestamp,62.353,63.053,Shift GCS logs so stale UAV data appears in a plausible sequence
1,62,LogTimelineDistortionAgent,C2_ARRIVAL_DELAY,c2_arrival_timestamp,62.481,63.063,Delay C2 reflection time to normalize video replay lag
1,63,LogTimelineDistortionAgent,GCS_LOG_DELAY,gcs_log_timestamp,63.290,63.790,Shift GCS logs so stale UAV data appears in a plausible sequence
1,63,LogTimelineDistortionAgent,C2_ARRIVAL_DELAY,c2_arrival_timestamp,63.301,63.800,Delay C2 reflection time to normalize video replay lag
1,64,LogTimelineDistortionAgent,GCS_LOG_DELAY,gcs_log_timestamp,64.553,65.153,Shift GCS logs so stale UAV data appears in a plausible sequence
1,64,LogTimelineDistortionAgent,C2_ARRIVAL_DELAY,c2_arrival_timestamp,64.331,65.163,Delay C2 reflection time to normalize video replay lag
1,65,LogTimelineDistortionAgent,GCS_LOG_DELAY,gcs_log_timestamp,65.300,66.000,Shift GCS logs so stale UAV data appears in a plausible sequence
1,65,LogTimelineDistortionAgent,C2_ARRIVAL_DELAY,c2_arrival_timestamp,65.550,66.025,Delay C2 reflection time to normalize video replay lag
1,66,LogTimelineDistortionAgent,GCS_LOG_DELAY,gcs_log_timestamp,66.393,66.893,Shift GCS logs so stale UAV data appears in a plausible sequence
1,66,LogTimelineDistortionAgent,C2_ARRIVAL_DELAY,c2_arrival_timestamp,66.554,66.903,Delay C2 reflection time to normalize video replay lag
1,67,LogTimelineDistortionAgent,GCS_LOG_DELAY,gcs_log_timestamp,67.515,68.115,Shift GCS logs so stale UAV data appears in a plausible sequence
1,67,LogTimelineDistortionAgent,C2_ARRIVAL_DELAY,c2_arrival_timestamp,67.575,68.125,Delay C2 reflection time to normalize video replay lag
1,68,LogTimelineDistortionAgent,GCS_LOG_DELAY,gcs_log_timestamp,68.325,69.025,Shift GCS logs so stale UAV data appears in a plausible sequence
1,68,LogTimelineDistortionAgent,C2_ARRIVAL_DELAY,c2_arrival_timestamp,68.383,69.035,Delay C2 reflection time to normalize video replay lag
1,69,LogTimelineDistortionAgent,GCS_LOG_DELAY,gcs_log_timestamp,69.561,70.061,Shift GCS logs so stale UAV data appears in a plausible sequence
1,69,LogTimelineDistortionAgent,C2_ARRIVAL_DELAY,c2_arrival_timestamp,69.477,70.071,Delay C2 reflection time to normalize video replay lag
1,70,LogTimelineDistortionAgent,GCS_LOG_DELAY,gcs_log_timestamp,70.362,70.962,Shift GCS logs so stale UAV data appears in a plausible sequence
1,70,LogTimelineDistortionAgent,C2_ARRIVAL_DELAY,c2_arrival_timestamp,70.482,70.972,Delay C2 reflection time to normalize video replay lag
1,71,LogTimelineDistortionAgent,GCS_LOG_DELAY,gcs_log_timestamp,71.292,71.992,Shift GCS logs so stale UAV data appears in a plausible sequence
1,71,LogTimelineDistortionAgent,C2_ARRIVAL_DELAY,c2_arrival_timestamp,71.387,72.002,Delay C2 reflection time to normalize video replay lag
1,72,LogTimelineDistortionAgent,GCS_LOG_DELAY,gcs_log_timestamp,72.425,72.925,Shift GCS logs so stale UAV data appears in a plausible sequence
1,72,LogTimelineDistortionAgent,C2_ARRIVAL_DELAY,c2_arrival_timestamp,72.542,72.935,Delay C2 reflection time to normalize video replay lag
1,73,LogTimelineDistortionAgent,GCS_LOG_DELAY,gcs_log_timestamp,73.543,74.143,Shift GCS logs so stale UAV data appears in a plausible sequence
1,73,LogTimelineDistortionAgent,C2_ARRIVAL_DELAY,c2_arrival_timestamp,73.455,74.153,Delay C2 reflection time to normalize video replay lag
1,74,LogTimelineDistortionAgent,GCS_LOG_DELAY,gcs_log_timestamp,74.116,74.816,Shift GCS logs so stale UAV data appears in a plausible sequence
1,74,LogTimelineDistortionAgent,C2_ARRIVAL_DELAY,c2_arrival_timestamp,74.504,74.979,Delay C2 reflection time to normalize video replay lag
1,75,LogTimelineDistortionAgent,GCS_LOG_DELAY,gcs_log_timestamp,75.550,76.050,Shift GCS logs so stale UAV data appears in a plausible sequence
1,75,LogTimelineDistortionAgent,C2_ARRIVAL_DELAY,c2_arrival_timestamp,75.559,76.060,Delay C2 reflection time to normalize video replay lag
1,76,LogTimelineDistortionAgent,GCS_LOG_DELAY,gcs_log_timestamp,76.423,77.023,Shift GCS logs so stale UAV data appears in a plausible sequence
1,76,LogTimelineDistortionAgent,C2_ARRIVAL_DELAY,c2_arrival_timestamp,76.571,77.033,Delay C2 reflection time to normalize video replay lag
1,77,LogTimelineDistortionAgent,GCS_LOG_DELAY,gcs_log_timestamp,77.431,78.131,Shift GCS logs so stale UAV data appears in a plausible sequence
1,77,LogTimelineDistortionAgent,C2_ARRIVAL_DELAY,c2_arrival_timestamp,77.485,78.141,Delay C2 reflection time to normalize video replay lag
1,78,LogTimelineDistortionAgent,GCS_LOG_DELAY,gcs_log_timestamp,78.270,78.770,Shift GCS logs so stale UAV data appears in a plausible sequence
1,78,LogTimelineDistortionAgent,C2_ARRIVAL_DELAY,c2_arrival_timestamp,78.434,78.780,Delay C2 reflection time to normalize video replay lag
1,79,LogTimelineDistortionAgent,GCS_LOG_DELAY,gcs_log_timestamp,79.391,79.991,Shift GCS logs so stale UAV data appears in a plausible sequence
1,79,LogTimelineDistortionAgent,C2_ARRIVAL_DELAY,c2_arrival_timestamp,79.536,80.001,Delay C2 reflection time to normalize video replay lag
1,80,LogTimelineDistortionAgent,GCS_LOG_DELAY,gcs_log_timestamp,80.433,81.133,Shift GCS logs so stale UAV data appears in a plausible sequence
1,80,LogTimelineDistortionAgent,C2_ARRIVAL_DELAY,c2_arrival_timestamp,80.575,81.143,Delay C2 reflection time to normalize video replay lag
